Episode,Reward,Loss,Epsilon
1,-22.85,0,1.0
2,30.300000000000068,4.695453643798828,0.6563549768288433
3,-21.05,7.276350498199463,0.5878229785513479
4,-21.0,12.72562026977539,0.47862223409330756
5,-20.55,2.0069620609283447,0.40769130904675194
6,-15.050000000000004,7.468686580657959,0.23965031961336
7,-24.05,11.002530097961426,0.21462770857094118
8,-18.4,7.108407497406006,0.1518722266715875
9,-16.85,3.771378755569458,0.14444721332374086
10,-22.55,14.480493545532227,0.1255322834371622
11,0.10000000000000142,1.2144243717193604,0.11585765144771248
12,-24.25,5.969392776489258,0.10586201936274783
13,-18.45,10.03700065612793,0.06878996970981359
14,-18.25,6.618113994598389,0.06285510723190912
15,-19.35,6.274916648864746,0.05354009722551939
16,-20.4,1.1689178943634033,0.046296535966244
17,5.500000000000018,0.9472013115882874,0.0378853869148274
18,21.650000000000013,8.985556602478027,0.03461682084029365
19,-16.0,13.59910774230957,0.02449513017825978
20,-18.35,1.5920493602752686,0.02260731802731653
21,-18.3,7.00820779800415,0.020145585821044927
22,-18.65,9.282546043395996,0.014183896485845416
23,2.4500000000000064,5.007241725921631,0.01202146005600684
24,-14.300000000000002,16.972522735595703,0.01029135882494263
25,-18.65,2.868868827819824,0.01
26,8.049999999999976,5.7310919761657715,0.01
27,2.350000000000019,5.5684404373168945,0.01
28,42.5,21.19695281982422,0.01
29,29.39999999999999,16.664630889892578,0.01
30,28.600000000000016,10.210428237915039,0.01
31,52.14999999999995,2.6464853286743164,0.01
32,8.15000000000001,4.082612037658691,0.01
33,24.900000000000013,10.544557571411133,0.01
34,29.100000000000023,2.71529483795166,0.01
35,53.75000000000006,6.086590766906738,0.01
36,28.650000000000027,33.65279769897461,0.01
37,67.44999999999996,26.281095504760742,0.01
38,51.85000000000004,9.119874954223633,0.01
39,49.0,8.161591529846191,0.01
40,77.84999999999994,8.63581657409668,0.01
41,121.99999999999983,9.728266716003418,0.01
42,76.24999999999994,13.982919692993164,0.01
43,118.29999999999981,4.994693279266357,0.01
44,34.400000000000055,8.323010444641113,0.01
45,2.700000000000003,17.873952865600586,0.01
46,78.29999999999995,5.701911449432373,0.01
47,50.150000000000034,20.459877014160156,0.01
48,72.10000000000001,6.657761096954346,0.01
49,139.3499999999998,19.70343780517578,0.01
50,77.69999999999987,3.3053219318389893,0.01
